"ID","Comment","Chr","Start","End","Query Start","Query End","Strand","ORF1 conserved","ORF1 Start","ORF1 End","ORF1 Q-Start","ORF1 Q-End","ORF1 gaps","ORF1 frameshifts","ORF1 stops","ORF2 conserved","ORF2 Start","ORF2 End","ORF2 Q-Start","ORF2 Q-End","ORF2 gaps","ORF2 frameshifts","ORF2 stops","Ta SSVs","Ta0/Ta1 SSVs","Ta1-nd/d","L1M/L1PA Discrimination","Poly-A","PolyA Signal","Runx3 Site","Runx3 ASP","SRY Site 1","SRY Site 2","YY1 BoxA+BoxA","TF nkx-2.5","TF nkx-2.5B","find TSDs","REKG235","ARR260","YPAKLS282","N14","E43","Y115","D145","N147","T192","D205","SDH228","R363","FADD700","HMKK1091","SSS1096","I1220","S1259","ORF StartStop","G-C Content","Repeat Annontation","Genome Vicinity (ENS)","ORF1 %A","ORF1 %T","ORF2 %A","ORF2 %T","ORF1&2 %A","ORF1&2 %T","CPG Islands","ORF1 CAI","ORF2 CAI","Intactness Score"
"1","","8","134077776","134069730","3","6050","-1","1","1908","2921","1","338","0","0","0","1","2988","6812","1","1275","0","0","0","ACAG","Ta-0/L1PA2","Ta1-d","Primate L1PA","32 pure/37 est (kim dist=n/a)","cons","cons","cons","cons","cons","cons","cons","cons","14 nt","cons","cons","cons","cons","cons","cons","cons","cons","cons","cons","cons","cons","cons","cons","cons","cons","cons","cons (M*,M*)","41.73%","L1MEd,L1MEd,dust,dust,trf,(T)n,L1HS,L1HS,dust,dust,dust,dust,AluJr,AluJr,L1MEd,L1MEd","","0.399408284023669","0.176528599605523","0.407843137254902","0.203660130718954","0.406931702344546","0.197349643221203","1 Islands","0.683","0.622","24"
"2","","8","128460023","128451975","1","6050","-1","1","1909","2922","1","338","0","0","0","1","2989","6813","1","1275","0","0","0","ACAG","Ta-1","Ta1-d","Primate L1PA","24 pure/90 est (kim dist=n/a)","cons","cons","cons","cons","cons","cons","cons","cons","no tsd","cons","cons","cons","cons","cons","cons","cons","cons","cons","cons","cons","cons","cons","cons","cons","cons","cons","cons (M*,M*)","42.65%","L2b,L2b,L2,L2,MIRb,MIRb,dust,trf,(T)n,L1HS,L1HS,dust,dust,dust,AluSq2,AluSq2","ENSG00000254275 long intergenic non-protein coding RNA 824 [Source:HGNC Symbol;Acc:HGNC:50281] (++,++,++,++,++,++) (++,++,++,++,++) (--,++,++,++,++,++) (--,--,--) (--,--) (--,--)","0.399408284023669","0.177514792899408","0.407058823529412","0.203660130718954","0.406320081549439","0.197553516819572","1 Islands","0.681","0.622","24"
"3","","8","72882593","72874543","5","6050","-1","1","1912","2925","1","338","0","0","0","1","2992","6816","1","1275","0","0","0","ACAG","Ta-1","Ta1-d","Primate L1PA","32 pure/34 est (kim dist=n/a)","cons","cons","cons","cons","cons","cons","cons","cons","no tsd","cons","cons","cons","cons","cons","cons","cons","cons","cons","cons","cons","cons","cons","cons","cons","cons","cons","cons (M*,M*)","43.58%","MER5A1,MER5A1,dust,trf,L1HS,L1HS,dust,dust,dust,dust,dust,trf,(GA)n","ENSG00000182674 potassium channel, voltage gated Shab related subfamily B, member 2 [Source:HGNC Symbol;Acc:HGNC:6232] (++,++,--),ENSG00000253784  (++,++,++)","0.399408284023669","0.177514792899408","0.407581699346405","0.202875816993464","0.406727828746177","0.196941896024465","1 Islands","0.683","0.621","24"
"4","","8","72154468","72146429","4","6046","-1","1","1904","2911","1","337","1","0","0","1","2981","6805","1","1275","0","0","0","GAGA","non canonical","Ta1-nd","Primate L1PA","8 pure/29 est (kim dist=n/a)","cons","cons","cons","cons","mut","mut","cons","cons","11 nt","cons","cons","mut","cons","cons","cons","cons","cons","cons","cons","cons","cons","cons","cons","mut","cons","cons","ORF2 cons (MAGG,M*)","42.29%","L2c,L2c,dust,L1PA2,L1PA2,dust,dust,dust,MER5B,MER5B","","0.402777777777778","0.172619047619048","0.414640522875817","0.203660130718954","0.412892696858425","0.196450428396573","1 Islands","0.684","0.623","20"
"5","","8","91557655","91565704","14","6050","1","1","1909","2922","1","338","0","0","0","1","2989","6813","1","1275","0","0","0","ACGG","Ta-0/L1PA2","Ta1-nd","Primate L1PA","13 pure/37 est (kim dist=n/a)","cons","cons","cons","cons","cons","mut","cons","mut","no tsd","cons","cons","cons","cons","cons","cons","cons","cons","cons","cons","cons","cons","cons","cons","mut","cons","cons","cons (M*,M*)","41.30%","AT_rich,dust,dust,AluSx,AluSx,dust,AT_rich,L1PA2,L1PA2,dust,dust,trf,dust,UCON1,UCON1,L2a,L2a,AT_rich,L2a,L2a","ENSG00000253901  (++,++,--,--) (++,++,++,++)","0.40138067061144","0.176528599605523","0.407581699346405","0.202352941176471","0.407339449541284","0.196330275229358","1 Islands","0.682","0.622","22"
"6","","8","120347374","120355418","603","6047","1","1","1906","2919","1","338","0","0","0","1","2986","6810","1","1275","0","0","0","GAGA","Ta-0/L1PA2","Ta1-nd","Primate L1PA","17 pure/28 est (kim dist=n/a)","cons","mut","mut","mut","mut","mut","cons","cons","no tsd","cons","cons","cons","cons","cons","cons","cons","cons","cons","cons","cons","cons","cons","cons","cons","cons","cons","cons (M*,M*)","38.66%","L1PB1,L1PB1,dust,trf,(TA)n,L1PB1,L1PB1,MER112,MER112,L1PA2,L1PA2,dust,dust,AluSz,dust,AluSz","ENSG00000187955 collagen, type XIV, alpha 1 [Source:HGNC Symbol;Acc:HGNC:2191] (--,--,--,--,--,--,--,--,--,--,--,--,--,--,--,--,--,--,--,--,--,--,--) (--,--,--,--,--,--,--,--,--,--,--,--,--,--,--,--,--,--,--,--,--,--,--,--,--,--,--,--,--,--,--,--,--,--,--,--,--,--,--,--,--,--,--,--,--,++,++,++) (--,--,--,--,--,--,--,--,--,--,--,--,--,--,--,--,--,--,--,--,--,--,--,--,--,--,--,--,--,--,--,--,--,--,--,--,--,--,--,--,--,--,--,--,--,++,++,++) (--,--,--,--,--,--,--,--,--,--,--,--,--,--,--,--,--,--,--,--,--,--,--,--,--,--,--) (--,--,--,--,--,--,--) (--,--,--,--,--,--,--,--,--,--,--,--,--,--,--,--,--,--,--,--) (--,++,++,++) (--,--,--,--,--,--,--,--,--,--,--,--,--,--,--,--,--,--,--,--,--,--,--,--,--,++,++,++) (--,--,--,--,--,--,--,--,--,--,--,--,--,--,--,--,--,--,--,--)","0.398422090729783","0.176528599605523","0.409150326797386","0.202614379084967","0.407951070336391","0.196330275229358","0 Islands","0.691","0.628","19"
"7","","8","125581834","125589880","53","6050","1","1","1908","2921","1","338","0","0","0","1","2988","6812","1","1275","0","0","0","ACAG","Ta-1","Ta1-d","Primate L1PA","36 pure/47 est (kim dist=n/a)","cons","cons","cons","cons","cons","mut","cons","cons","no tsd","cons","cons","mut","cons","cons","cons","cons","cons","cons","cons","cons","cons","cons","cons","cons","cons","cons","cons (M*,M*)","43.02%","MIR3,MIR3,MIRb,MIRb,L2c,L2c,LTR16A1,LTR16A1,L1HS,L1HS,dust,dust,trf,MER113,MER113,MLT1K,MLT1K,MLT1K,MLT1K,trf,MLT1K,MLT1K","","0.399408284023669","0.175542406311637","0.407581699346405","0.203660130718954","0.406727828746177","0.197145769622834","1 Islands","0.686","0.622","22"
"8","","11","24326949","24334995","3","6050","1","1","1908","2921","1","338","0","0","0","1","2988","6812","1","1275","0","0","0","ACAG","Ta-1","Ta1-d","Primate L1PA","39 pure/49 est (kim dist=n/a)","cons","cons","cons","cons","cons","cons","cons","cons","no tsd","cons","cons","cons","cons","cons","cons","cons","cons","cons","cons","cons","cons","cons","cons","cons","cons","cons","cons (M*,M*)","39.39%","L1MC1,L1MC1,trf,L1MDa,L1MDa,trf,dust,trf,L1HS,L1HS,dust,dust,dust,dust,trf,L1MDa,L1MDa,MER77,MER77,MER68,MER68","","0.400394477317554","0.176528599605523","0.407058823529412","0.203921568627451","0.406523955147808","0.197553516819572","1 Islands","0.679","0.622","24"
"9","","11","60531157","60539204","5","6050","1","1","1909","2922","1","338","0","0","0","1","2989","6813","1","1275","0","0","0","ACGA","Ta-0/L1PA2","Ta1-nd","Primate L1PA","14 pure/31 est (kim dist=n/a)","cons","cons","cons","cons","cons","cons","cons","cons","11 nt","cons","cons","cons","cons","cons","cons","cons","cons","cons","cons","cons","cons","cons","cons","cons","cons","cons","cons (M*,M*)","41.44%","L1M4a2,L1M4a2,MLT1B,MLT1B,L1M4a2,L1M4a2,L1PA2,L1PA2,dust,dust,dust,dust,trf,L1MA7,L1MA7,dust,AT_rich,L1MC4,L1MC4,MLT1E2,MLT1E2,MLT1E2,MLT1E2,dust,AT_rich","ENSG00000204979 membrane-spanning 4-domains, subfamily A, member 13 [Source:HGNC Symbol;Acc:HGNC:16674] (--,--,--,--,--,--,++) (--,--,--,--,--,++) (--,--,--,--,++) (--,--,++)","0.403353057199211","0.173570019723866","0.408366013071895","0.203921568627451","0.40815494393476","0.196941896024465","1 Islands","0.682","0.621","24"
